{
  "id": 1,
  "title": "Historia",
  "perguntas": [
    {
      "id": 1,
      "question": "Qual ano teve o inicio da Primeira Guerra mundial?",
      "options": [
        {
          "id": 1,
          "text": "1913"
        },
        {
          "id": 2,
          "text": "1914"
        },
        {
          "id": 3,
          "text": "1916"
        }
      ],
      "answer_id": 2
    },
    {
      "id": 2,
      "question": "Qual ano teve o inico da Segunda Guerra mundial?",
      "options": [
        {
          "id": 4,
          "text": "1939"
        },
        {
          "id": 5,
          "text": "1940"
        },
        {
          "id": 6,
          "text": "1938"
        }
      ],
      "answer_id": 4
    },
    {
      "id": 3,
      "question": "De onde é a invenção do chuveiro elétrico?",
      "options": [
        {
          "id": 7,
          "text": "França"
        },
        {
          "id": 8,
          "text": "Inglaterra"
        },
        {
          "id": 9,
          "text": "Brasil"
        }
      ],
      "answer_id": 9
    }
  ]
}